PAAC,PECG,{}
PAAC,45B,{}
PAAC,TPT,{}
PAAC,8A,{}
PAAC,ST3,{}
EOL,TF,{}
EOL,13A,{}
EOL,36,{}
PECG,PUL,{}
PECG,6M,{}
PAI,TPPRO,{}
PAI,ST2,{}
PAI,EC,{}
PAI,LA,{}
25,TPPRO,{}
25,10,{}
25,14,{}
25,LA,{}
25,TPO,{}
25,36,{}
25,CD,{}
25,ST1,{}
25,ST2,{}
OPAL,14,{}
29,25,{}
29,13,{}
29,OPRO,{}
29,14,{}
29,10,{}
29,46,{}
29,EC,{}
29,11M,{}
29,TF,{}
29,9/46D,{}
4,F2,{}
4,24B,{}
4,S2,{}
4,6VR,{}
4,6M,{}
4,PECG,{}
4,3A,{}
4,6VC,{}
PAAR,TPPRO,{}
PAAR,25,{}
PAAR,14,{}
PAAR,36,{}
PAAR,PROK,{}
PAAR,ST2,{}
PAAR,ST3,{}
PUL,ST1,{}
PUL,6VR,{}
PUL,6VC,{}
PUL,PEA,{}
PUL,PEC,{}
PUL,TEM,{}
PUL,V1,{}
PUL,PG,{}
PUL,ST2,{}
PUL,PE,{}
PUL,TF,{}
PUL,4,{}
PUL,TPPRO,{}
PUL,TPO,{}
PUL,TPT,{}
PUL,OPT,{}
PUL,10,{}
PUL,13,{}
PUL,14,{}
PUL,PFG,{}
PUL,F7,{}
PUL,8A,{}
PUL,6M,{}
PUL,45B,{}
ST2,TPPRO,{}
ST2,25,{}
ST2,14,{}
ST2,10,{}
ST2,46,{}
ST2,36,{}
ST2,ST1,{}
ST2,ST3,{}
ST2,PAAR,{}
ST2,9/46D,{}
TPO,TPPRO,{}
TPO,PUL,{}
TPO,ST3,{}
TPO,46,{}
TPO,8A,{}
TPO,OPT,{}
TPO,EC,{}
TPO,8B,{}
TPO,TPT,{}
TPO,PF,{}
TPO,ST1,{}
TPO,ST2,{}
TPO,PECG,{}
TPO,TF,{}
TPO,9/46D,{}
TPO,PG,{}
9/46V,8A,{}
9/46V,47(12),{}
F2,PECG,{}
F2,4,{}
F2,6M,{}
F2,F7,{}
IPRO,PROM,{}
TPT,OPT,{}
TPT,46,{}
TPT,PECG,{}
TPT,8A,{}
TPT,6M,{}
TPT,ST3,{}
9/46D,46,{}
9/46D,8B,{}
9/46D,8A,{}
9/46D,29,{}
13A,10,{}
13A,13,{}
13A,24A,{}
13A,14,{}
13A,LA,{}
13A,ELC,{}
13A,ECL,{}
13A,36,{}
13A,35,{}
13A,EOL,{}
13A,11M,{}
13A,TF,{}
13A,EC,{}
13A,TH,{}
13A,11L,{}
13A,ELR,{}
13A,EI,{}
13A,ER,{}
IPA,PUL,{}
IPA,8A,{}
IPA,V1,{}
IPA,PF,{}
IPA,PG,{}
IPA,ST2,{}
IPA,TF,{}
IPA,TE2,{}
SNC,CD,{}
POAE,TE2,{}
FST,8A,{}
FST,CD,{}
FST,V3D,{}
FST,TF,{}
FST,TE2,{}
FST,DIP,{}
DTG,PUL,{}
3B,S2,{}
3B,13,{}
3B,4,{}
3B,PECG,{}
3A,S2,{}
3A,8A,{}
3A,4,{}
3A,PECG,{}
24D,25,{}
24D,F2,{}
24D,24A,{}
24D,24B,{}
24D,6M,{}
24D,4,{}
24A,F2,{}
24A,14,{}
24A,8B,{}
24A,8A,{}
24A,6VR,{}
24A,6M,{}
24A,11M,{}
24A,13A,{}
24C,F2,{}
24C,6VR,{}
24C,4,{}
24C,6M,{}
PTG,PUL,{}
PF,S2,{}
PF,6VC,{}
PF,4,{}
PF,PFG,{}
PF,9/46V,{}
PG,F2,{}
PG,PGA,{}
PG,F7,{}
PG,TPO,{}
PG,8A,{}
PG,6VR,{}
PG,6M,{}
PG,8B,{}
PG,PECG,{}
PG,9/46D,{}
PE,PUL,{}
PE,6M,{}
PE,4,{}
PE,PECG,{}
PE,PEA,{}
PE,PEC,{}
PO,V1,{}
PO,F2,{}
PO,8A,{}
PO,DIP,{}
PO,F7,{}
TPPRO,PUL,{}
TPPRO,ECL,{}
TPPRO,24A,{}
TPPRO,14,{}
TPPRO,24B,{}
TPPRO,ELC,{}
TPPRO,LA,{}
TPPRO,36,{}
TPPRO,35,{}
TPPRO,TF,{}
TPPRO,EI,{}
TPPRO,ST1,{}
TPPRO,ELR,{}
TPPRO,EC,{}
TPPRO,TE2,{}
TPPRO,ER,{}
TPPRO,PG,{}
EI,13A,{}
EI,14,{}
EI,11M,{}
EI,36,{}
EI,35,{}
EI,TH,{}
EI,TF,{}
EC,13A,{}
EC,14,{}
EC,11M,{}
EC,36,{}
EC,TH,{}
EC,TF,{}
POAI,TE2,{}
TEM,TPPRO,{}
TEM,V1,{}
TEM,TE2,{}
OPT,46,{}
OPT,8B,{}
OPT,8A,{}
OPT,FST,{}
OPT,6M,{}
11M,10,{}
11M,13,{}
11M,EI,{}
11M,14,{}
11M,11L,{}
11M,36,{}
11M,13A,{}
11M,ELR,{}
11M,24A,{}
11M,ER,{}
11L,11M,{}
11L,10,{}
11L,13,{}
11L,13A,{}
11L,14,{}
47(12),46,{}
47(12),9/46V,{}
47(12),9/46D,{}
47(12),8B,{}
47(12),8A,{}
36,EOL,{}
36,25,{}
36,LA,{}
36,ECL,{}
36,ST2,{}
36,ST3,{}
36,TPPRO,{}
36,EI,{}
36,13A,{}
36,EC,{}
36,TE1,{}
36,TE2,{}
36,ER,{}
36,10,{}
36,13,{}
36,14,{}
36,11M,{}
36,11L,{}
35,PUL,{}
35,25,{}
35,13,{}
35,ECL,{}
35,EI,{}
35,14,{}
35,10,{}
35,11L,{}
35,LA,{}
35,13A,{}
35,EC,{}
35,EOL,{}
35,TF,{}
35,36,{}
35,TH,{}
35,ELR,{}
35,TE1,{}
35,TE2,{}
35,ER,{}
MT,PUL,{}
MT,TE2,{}
MT,8A,{}
PROM,S2,{}
PROK,PAAR,{}
PROK,TPT,{}
PROK,ST3,{}
ATG,TPPRO,{}
V3V,8A,{}
V3V,CD,{}
V3V,FST,{}
V3V,TF,{}
V3V,V3D,{}
V3V,DIP,{}
V3V,PO,{}
S2,F2,{}
S2,6VR,{}
S2,6M,{}
S2,PROM,{}
S2,PF,{}
S2,4,{}
S2,PECG,{}
S2,TF,{}
S2,3B,{}
S2,3A,{}
S2,6VC,{}
6VR,24A,{}
6VR,24C,{}
6VR,S2,{}
6VR,6M,{}
6VR,4,{}
6VR,6VC,{}
V3D,8A,{}
V3D,V1,{}
V3D,FST,{}
V3D,TF,{}
V3D,DIP,{}
V3D,PO,{}
6VC,S2,{}
6VC,F2,{}
6VC,6VR,{}
6VC,4,{}
6VC,6M,{}
PEA,F2,{}
PEA,F7,{}
PEA,S2,{}
PEA,PGOP,{}
PEA,8A,{}
PEA,6VR,{}
PEA,6M,{}
PEA,4,{}
PEA,PECG,{}
PEA,DIP,{}
PEA,6VC,{}
PEA,PO,{}
PEA,PEC,{}
PEC,PUL,{}
PEC,F2,{}
PEC,F7,{}
PEC,PGOP,{}
PEC,PE,{}
PEC,6M,{}
PEC,PG,{}
PEC,PECG,{}
PEC,PEA,{}
TEA,10,{}
TEA,47(12),{}
TEA,8A,{}
TEA,PF,{}
TEA,PG,{}
TEA,TF,{}
TEA,TE1,{}
TEA,TE2,{}
TEA,TE3,{}
PGOP,S2,{}
PGOP,8A,{}
PGOP,PECG,{}
ECL,13A,{}
ECL,14,{}
ECL,11M,{}
ECL,36,{}
ECL,TH,{}
ECL,TF,{}
ER,13A,{}
ER,14,{}
ER,LA,{}
ER,11M,{}
ER,36,{}
ER,TH,{}
ER,TF,{}
VTA,CD,{}
CL,LA,{}
ELC,13A,{}
CD,SNR,{}
PFOP,PUL,{}
ELR,13A,{}
TE1,10,{}
TE1,8A,{}
TE1,IPA,{}
TE1,TEM,{}
TE1,LA,{}
TE1,47(12),{}
TE1,36,{}
TE1,35,{}
TE1,FST,{}
TE1,TH,{}
TE1,TEA,{}
TE1,TF,{}
TE1,TE2,{}
TE2,10,{}
TE2,13,{}
TE2,TEM,{}
TE2,LA,{}
TE2,47(12),{}
TE2,36,{}
TE2,35,{}
TE2,FST,{}
TE2,POAE,{}
TE2,TH,{}
TE2,TE1,{}
TE2,TF,{}
TE2,POAI,{}
TE2,45B,{}
TE3,8A,{}
TE3,FST,{}
REIT,8A,{}
REIT,ST3,{}
10,TPPRO,{}
10,11M,{}
10,13A,{}
10,47(12),{}
10,24A,{}
10,14,{}
10,LA,{}
10,8B,{}
10,11L,{}
10,8A,{}
10,13,{}
10,36,{}
10,46,{}
10,ST1,{}
10,ST2,{}
10,9/46D,{}
13,EOL,{}
13,25,{}
13,OPRO,{}
13,LA,{}
13,ECL,{}
13,ST1,{}
13,ST2,{}
13,9/46V,{}
13,TPPRO,{}
13,ELC,{}
13,EC,{}
13,ELR,{}
13,TE2,{}
13,9/46D,{}
13,ER,{}
13,10,{}
13,13A,{}
13,14,{}
13,8B,{}
13,11L,{}
13,47(12),{}
13,35,{}
13,11M,{}
13,PROM,{}
14,TPPRO,{}
14,25,{}
14,13A,{}
14,24A,{}
14,10,{}
14,8B,{}
14,11L,{}
14,LA,{}
14,36,{}
14,EC,{}
14,11M,{}
14,46,{}
14,9/46D,{}
14,13,{}
F7,PUL,{}
F7,13A,{}
F7,8B,{}
F7,8A,{}
F7,13,{}
F7,6M,{}
F7,SNR,{}
F7,4,{}
F7,PECG,{}
F7,F2,{}
F7,9/46D,{}
6M,OPT,{}
6M,24D,{}
6M,F2,{}
6M,F7,{}
6M,8B,{}
6M,S2,{}
6M,8A,{}
6M,6VR,{}
6M,4,{}
6M,PECG,{}
6M,6VC,{}
6M,PEA,{}
6M,PEC,{}
8B,F2,{}
8B,46,{}
8B,8A,{}
8B,6M,{}
8B,PECG,{}
8B,9/46D,{}
45A,8A,{}
45A,9/46D,{}
45A,47(12),{}
45B,10,{}
45B,13,{}
45B,47(12),{}
45B,14,{}
45B,LA,{}
45B,8B,{}
45B,9/46V,{}
45B,8A,{}
45B,13A,{}
45B,6M,{}
45B,46,{}
45B,11L,{}
45B,TF,{}
45B,TE2,{}
45B,PAAC,{}
8A,PUL,{}
8A,24D,{}
8A,TPO,{}
8A,24A,{}
8A,24B,{}
8A,46,{}
8A,6M,{}
8A,PAAC,{}
8A,FST,{}
8A,ST2,{}
8A,PECG,{}
8A,SNR,{}
8A,45B,{}
8A,9/46D,{}
8A,DIP,{}
8A,PO,{}
8A,10,{}
MST,F2,{}
MST,8A,{}
MST,PECG,{}
DIP,F2,{}
DIP,F7,{}
DIP,8A,{}
DIP,FST,{}
DIP,V3D,{}
DIP,6VC,{}
DIP,PO,{}
LA,TPPRO,{}
LA,25,{}
LA,13A,{}
LA,14,{}
LA,35,{}
LA,36,{}
LA,11M,{}
LA,ELC,{}
LA,OPRO,{}
LA,13,{}
PGA,TPPRO,{}
PGA,OPT,{}
PGA,8A,{}
PGA,V1,{}
PGA,TPT,{}
PGA,ST1,{}
PGA,ST2,{}
PGA,ST3,{}
PGA,TF,{}
PGA,PG,{}
46,8B,{}
46,8A,{}
46,9/46D,{}
46,PECG,{}
46,47(12),{}
44,PECG,{}
44,9/46V,{}
44,PROM,{}
44,47(12),{}
44,S2,{}
V1,V3D,{}
V1,PO,{}
ST1,46,{}
ST1,ST2,{}
TH,25,{}
TH,24A,{}
TH,LA,{}
TH,ECL,{}
TH,V1,{}
TH,TF,{}
TH,TPPRO,{}
TH,EI,{}
TH,EC,{}
TH,CD,{}
TH,TPT,{}
TH,TE1,{}
TH,TE2,{}
TH,9/46D,{}
TH,PUL,{}
TH,13A,{}
TH,14,{}
TH,8B,{}
TH,24B,{}
TH,36,{}
TH,11M,{}
ST3,TPPRO,{}
ST3,25,{}
ST3,14,{}
ST3,46,{}
ST3,8A,{}
ST3,36,{}
ST3,EC,{}
ST3,ST2,{}
TF,V3V,{}
TF,EOL,{}
TF,V3D,{}
TF,25,{}
TF,LA,{}
TF,ECL,{}
TF,V1,{}
TF,TH,{}
TF,TPPRO,{}
TF,EI,{}
TF,ELC,{}
TF,CD,{}
TF,EC,{}
TF,ELR,{}
TF,TE1,{}
TF,TE2,{}
TF,ER,{}
TF,PUL,{}
TF,13A,{}
TF,14,{}
TF,11M,{}
TF,36,{}
TF,35,{}
TF,8B,{}
TF,FST,{}
24B,25,{}
24B,F2,{}
24B,8A,{}
24B,6M,{}
24B,4,{}
24B,PECG,{}
PFG,PUL,{}
PFG,9/46V,{}
PFG,6M,{}
PFG,PECG,{}
