PFCPOL,FEF,{}
PFCPOL,PFCD,{}
PFCPOL,PFCORB,{}
PFCPOL,TCV,{}
PFCPOL,PFCCL,{}
PFCPOL,PFCM,{}
PFCPOL,CCP,{}
PFCPOL,CCS,{}
PFCPOL,TCS,{}
PFCPOL,TCPOL,{}
PFCPOL,A2,{}
PFCPOL,PCD,{}
PFCPOL,PFCVL,{}
PFCPOL,IA,{}
PFCPOL,PFCDL,{}
PFCPOL,CCA,{}
PCS,PMCDL,{}
PCS,PCIP,{}
PCS,S1,{}
PCS,CCP,{}
PCS,PCI,{}
PCS,M1,{}
PCS,PMCM,{}
PCS,PCM,{}
PCS,PCD,{}
S1,FEF,{}
S1,PMCDL,{}
S1,PFCORB,{}
S1,PFCPOL,{}
S1,S2,{}
S1,PCM,{}
S1,CCP,{}
S1,PCI,{}
S1,M1,{}
S1,PMCM,{}
S1,PMCVL,{}
S1,IA,{}
S1,PFCCL,{}
S1,PCD,{}
PMCVL,PMCDL,{}
PMCVL,PCIP,{}
PMCVL,PFCORB,{}
PMCVL,PFCPOL,{}
PMCVL,PFCCL,{}
PMCVL,S1,{}
PMCVL,CCS,{}
PMCVL,PCI,{}
PMCVL,M1,{}
PMCVL,PMCM,{}
PMCVL,S2,{}
PMCVL,IA,{}
PMCVL,CCA,{}
CCP,FEF,{}
CCP,PMCDL,{}
CCP,PFCD,{}
CCP,PFCORB,{}
CCP,PFCCL,{}
CCP,PFCM,{}
CCP,CCS,{}
CCP,PCI,{}
CCP,M1,{}
CCP,PMCM,{}
CCP,PCM,{}
CCP,CCA,{}
CCP,PCD,{}
CCS,PFCD,{}
CCS,PFCORB,{}
CCS,PFCPOL,{}
CCS,PFCCL,{}
CCS,PFCM,{}
CCS,CCP,{}
CCS,TCS,{}
CCS,TCPOL,{}
CCS,PMCVL,{}
CCS,IA,{}
CCS,PHC,{}
CCS,TCV,{}
CCS,PFCDL,{}
CCS,TCC,{}
CCS,CCA,{}
CCR,PFCD,{}
CCR,PFCORB,{}
CCR,PHC,{}
CCR,PFCCL,{}
CCR,PFCM,{}
CCR,CCP,{}
CCR,CCS,{}
CCR,TCV,{}
CCR,PCI,{}
CCR,PFCPOL,{}
CCR,PCM,{}
CCR,PFCDL,{}
CCR,PCD,{}
PCI,S2,{}
PCI,S1,{}
PCI,PMCVL,{}
PCI,CCP,{}
PCI,CCR,{}
PCI,M1,{}
PCI,PFCVL,{}
PCI,PCM,{}
PCI,CCA,{}
PCI,PCD,{}
PCI,PFCD,{}
PCI,TCV,{}
PCI,PFCCL,{}
PCI,PFCM,{}
PCI,TCS,{}
PCI,V1,{}
PCI,V2,{}
PCI,TCC,{}
PCI,FEF,{}
PCI,PMCDL,{}
PCI,PFCORB,{}
PCI,IP,{}
PCI,PCIP,{}
PCI,PHC,{}
M1,PMCDL,{}
M1,S2,{}
M1,S1,{}
M1,PMCVL,{}
M1,CCP,{}
M1,PCI,{}
M1,PMCM,{}
M1,PCM,{}
M1,CCA,{}
M1,PCD,{}
PFCVL,FEF,{}
PFCVL,PMCDL,{}
PFCVL,PFCD,{}
PFCVL,PFCORB,{}
PFCVL,PFCPOL,{}
PFCVL,PFCCL,{}
PFCVL,PCM,{}
PFCVL,TCS,{}
PFCVL,CCS,{}
PFCVL,TCV,{}
PFCVL,PCI,{}
PFCVL,PMCM,{}
PFCVL,TCI,{}
PFCVL,IA,{}
PFCVL,CCA,{}
PFCVL,A2,{}
PFCVL,PFCDL,{}
PCM,PMCDL,{}
PCM,PFCD,{}
PCM,TCV,{}
PCM,PFCCL,{}
PCM,S1,{}
PCM,CCP,{}
PCM,CCR,{}
PCM,TCS,{}
PCM,V2,{}
PCM,PCI,{}
PCM,PFCVL,{}
PCM,PCS,{}
PCM,CCA,{}
PCM,PCD,{}
CCA,FEF,{}
CCA,PMCDL,{}
CCA,PFCD,{}
CCA,PFCORB,{}
CCA,PFCPOL,{}
CCA,PFCCL,{}
CCA,PFCM,{}
CCA,PCM,{}
CCA,CCP,{}
CCA,CCS,{}
CCA,PCI,{}
CCA,M1,{}
CCA,PMCM,{}
CCA,PFCVL,{}
CCA,PMCVL,{}
CCA,IA,{}
CCA,PCD,{}
PCD,FEF,{}
PCD,PMCDL,{}
PCD,PFCD,{}
PCD,PCIP,{}
PCD,PFCCL,{}
PCD,S1,{}
PCD,PMCVL,{}
PCD,CCP,{}
PCD,TCS,{}
PCD,V1,{}
PCD,V2,{}
PCD,PCI,{}
PCD,M1,{}
PCD,PCM,{}
PCD,PFCDL,{}
PFCD,FEF,{}
PFCD,PMCDL,{}
PFCD,PFCORB,{}
PFCD,PFCPOL,{}
PFCD,PFCCL,{}
PFCD,PFCM,{}
PFCD,CCP,{}
PFCD,CCS,{}
PFCD,CCR,{}
PFCD,TCV,{}
PFCD,PCI,{}
PFCD,PMCM,{}
PFCD,PFCVL,{}
PFCD,PCM,{}
PFCD,IA,{}
PFCD,PHC,{}
PFCD,CCA,{}
PFCD,PCD,{}
TCV,PFCD,{}
TCV,PFCORB,{}
TCV,V1,{}
TCV,PFCPOL,{}
TCV,PFCCL,{}
TCV,PFCM,{}
TCV,PCM,{}
TCV,CCP,{}
TCV,CCS,{}
TCV,TCS,{}
TCV,TCPOL,{}
TCV,V2,{}
TCV,PCI,{}
TCV,PCD,{}
TCV,TCI,{}
TCV,IA,{}
TCV,PHC,{}
TCV,PFCDL,{}
TCV,TCC,{}
TCV,CCA,{}
PFCCL,PFCPOL,{}
PFCCL,S2,{}
PFCCL,S1,{}
PFCCL,PMCVL,{}
PFCCL,CCP,{}
PFCCL,CCS,{}
PFCCL,CCR,{}
PFCCL,PCI,{}
PFCCL,PFCVL,{}
PFCCL,PCM,{}
PFCCL,CCA,{}
PFCCL,PCD,{}
PFCCL,PFCD,{}
PFCCL,TCV,{}
PFCCL,PFCM,{}
PFCCL,TCS,{}
PFCCL,A2,{}
PFCCL,TCC,{}
PFCCL,FEF,{}
PFCCL,PMCDL,{}
PFCCL,PFCORB,{}
PFCCL,TCPOL,{}
PFCCL,PMCM,{}
PFCCL,PHC,{}
PFCCL,PFCDL,{}
PFCM,PFCD,{}
PFCM,PFCORB,{}
PFCM,PFCPOL,{}
PFCM,PFCCL,{}
PFCM,CCP,{}
PFCM,CCS,{}
PFCM,TCS,{}
PFCM,TCPOL,{}
PFCM,PFCVL,{}
PFCM,IA,{}
PFCM,PFCDL,{}
PFCM,TCC,{}
PFCM,CCA,{}
TCS,PFCPOL,{}
TCS,CCP,{}
TCS,CCS,{}
TCS,PCI,{}
TCS,PCM,{}
TCS,PCD,{}
TCS,PFCD,{}
TCS,TCV,{}
TCS,PFCCL,{}
TCS,PFCM,{}
TCS,A1,{}
TCS,V1,{}
TCS,V2,{}
TCS,A2,{}
TCS,TCI,{}
TCS,TCC,{}
TCS,FEF,{}
TCS,PFCORB,{}
TCS,TCPOL,{}
TCS,PMCM,{}
TCS,IA,{}
TCS,PCIP,{}
TCS,PHC,{}
TCS,PFCDL,{}
A1,TCPOL,{}
A1,PFCM,{}
A1,A2,{}
A1,TCS,{}
A1,CCS,{}
V1,V2,{}
V1,PCI,{}
V1,PCIP,{}
V1,PCD,{}
V2,FEF,{}
V2,PMCDL,{}
V2,PCIP,{}
V2,PFCPOL,{}
V2,PFCM,{}
V2,PCM,{}
V2,CCP,{}
V2,TCS,{}
V2,V1,{}
V2,PCI,{}
V2,TCI,{}
V2,TCV,{}
V2,TCC,{}
V2,PCD,{}
A2,FEF,{}
A2,PMCDL,{}
A2,PFCORB,{}
A2,PFCPOL,{}
A2,PFCCL,{}
A2,PFCM,{}
A2,TCS,{}
A2,A1,{}
A2,PCI,{}
A2,PFCVL,{}
VAC,FEF,{}
TCC,FEF,{}
TCC,PFCD,{}
TCC,PFCORB,{}
TCC,TCPOL,{}
TCC,PFCPOL,{}
TCC,PFCCL,{}
TCC,PFCM,{}
TCC,PCM,{}
TCC,CCP,{}
TCC,TCS,{}
TCC,V1,{}
TCC,PCI,{}
TCC,PFCVL,{}
TCC,TCI,{}
TCC,PHC,{}
TCC,TCV,{}
TCC,CCA,{}
TCC,A2,{}
TCC,PCD,{}
FEF,PMCDL,{}
FEF,PFCD,{}
FEF,PFCORB,{}
FEF,PFCPOL,{}
FEF,PFCCL,{}
FEF,CCP,{}
FEF,TCS,{}
FEF,PCI,{}
FEF,PMCM,{}
FEF,PFCVL,{}
FEF,PCM,{}
FEF,CCA,{}
FEF,A2,{}
FEF,PCD,{}
FEF,PFCDL,{}
PMCDL,FEF,{}
PMCDL,PFCD,{}
PMCDL,PFCORB,{}
PMCDL,PFCCL,{}
PMCDL,CCP,{}
PMCDL,CCS,{}
PMCDL,PCI,{}
PMCDL,M1,{}
PMCDL,PMCM,{}
PMCDL,PCM,{}
PMCDL,CCA,{}
PMCDL,A2,{}
PMCDL,PCD,{}
PFCORB,PFCD,{}
PFCORB,PFCPOL,{}
PFCORB,PFCCL,{}
PFCORB,PFCM,{}
PFCORB,CCP,{}
PFCORB,CCS,{}
PFCORB,TCS,{}
PFCORB,TCPOL,{}
PFCORB,PCI,{}
PFCORB,PMCM,{}
PFCORB,PFCVL,{}
PFCORB,TCI,{}
PFCORB,IA,{}
PFCORB,PHC,{}
PFCORB,TCV,{}
PFCORB,CCA,{}
PFCORB,A2,{}
PFCORB,PCD,{}
PFCORB,PFCDL,{}
IP,PMCDL,{}
IP,PFCORB,{}
IP,PFCPOL,{}
IP,S2,{}
IP,S1,{}
IP,CCP,{}
IP,TCV,{}
IP,PCI,{}
IP,PMCM,{}
IP,PCM,{}
IP,IA,{}
IP,PHC,{}
IP,CCA,{}
IP,PFCM,{}
TCI,FEF,{}
TCI,PCIP,{}
TCI,PFCORB,{}
TCI,PFCPOL,{}
TCI,PFCCL,{}
TCI,TCS,{}
TCI,TCV,{}
TCI,PFCVL,{}
TCI,PHC,{}
TCI,TCC,{}
TCPOL,PFCORB,{}
TCPOL,PFCPOL,{}
TCPOL,CCA,{}
TCPOL,PFCM,{}
TCPOL,TCS,{}
TCPOL,CCS,{}
TCPOL,TCV,{}
TCPOL,PCI,{}
TCPOL,IA,{}
TCPOL,PHC,{}
TCPOL,PFCDL,{}
TCPOL,A2,{}
PMCM,FEF,{}
PMCM,PMCDL,{}
PMCM,PFCD,{}
PMCM,PFCCL,{}
PMCM,S1,{}
PMCM,PCM,{}
PMCM,CCP,{}
PMCM,PCI,{}
PMCM,M1,{}
PMCM,PCD,{}
PMCM,PMCVL,{}
PMCM,PFCDL,{}
PMCM,CCA,{}
IA,PFCORB,{}
IA,PFCPOL,{}
IA,IP,{}
IA,S1,{}
IA,PMCVL,{}
IA,CCP,{}
IA,CCS,{}
IA,TCPOL,{}
IA,PCI,{}
IA,PCM,{}
IA,PFCVL,{}
IA,S2,{}
IA,PHC,{}
IA,TCV,{}
IA,PFCDL,{}
IA,PFCM,{}
IA,CCA,{}
PCIP,FEF,{}
PCIP,PMCDL,{}
PCIP,PFCD,{}
PCIP,PFCORB,{}
PCIP,TCI,{}
PCIP,TCV,{}
PCIP,PCS,{}
PCIP,S1,{}
PCIP,PCM,{}
PCIP,CCP,{}
PCIP,TCS,{}
PCIP,V1,{}
PCIP,V2,{}
PCIP,PCI,{}
PCIP,M1,{}
PCIP,PMCM,{}
PCIP,PMCVL,{}
PCIP,PFCCL,{}
PCIP,S2,{}
PCIP,TCC,{}
PCIP,PCD,{}
PHC,PFCD,{}
PHC,PFCORB,{}
PHC,TCPOL,{}
PHC,PFCPOL,{}
PHC,PFCCL,{}
PHC,PFCM,{}
PHC,PMCVL,{}
PHC,CCP,{}
PHC,CCS,{}
PHC,TCS,{}
PHC,V1,{}
PHC,PCI,{}
PHC,PCD,{}
PHC,TCI,{}
PHC,IA,{}
PHC,TCV,{}
PHC,PFCDL,{}
PHC,TCC,{}
PHC,CCA,{}
S2,PMCDL,{}
S2,PFCORB,{}
S2,TCV,{}
S2,PFCCL,{}
S2,S1,{}
S2,PCM,{}
S2,PMCVL,{}
S2,CCP,{}
S2,PCI,{}
S2,M1,{}
S2,PMCM,{}
S2,IP,{}
S2,IA,{}
S2,PCD,{}
PFCDL,FEF,{}
PFCDL,PFCM,{}
PFCDL,TCS,{}
PFCDL,CCP,{}
PFCDL,PMCM,{}
PFCDL,CCA,{}
PFCDL,TCC,{}
PFCDM,CCA,{}
PFCDM,CCP,{}
PFCDM,PMCM,{}
